"","X1","Month","Area","Group","Transect","Quadrat","Biomass","Hits","hits"
"1",1,"May","NET",5,"NET-2",6,0.03,5,5
"2",2,"May","MT",1,"MT-1",2,0.1,0,0
"3",3,"May","MT",1,"MT-1",5,0.1,0,0
"4",4,"May","MT",1,"MT-1",6,0.1,1,1
"5",5,"May","MT",2,"MT-1",6,0.1,0,0
"6",6,"May","MT",3,"MT-1",1,0.1,2,2
"7",7,"May","NET",2,"NET-2",1,0.1,0,0
"8",8,"May","NET",2,"NET-2",2,0.1,0,0
"9",9,"May","NET",5,"NET-1",4,0.1,1,1
"10",10,"May","NET",5,"NET-2",5,0.1,0,0
"11",11,"May","NWT",1,"NWT-2",4,0.1,1,1
"12",12,"May","NWT",1,"NWT-2",5,0.1,0,0
"13",13,"May","NWT",5,"NWT-2",5,0.1,0,0
"14",14,"May","NWT",5,"NWT-2",6,0.1,0,0
"15",15,"September","MT",1,"MT-3",5,0.1,0,0
"16",16,"September","NET",4,"NET-1",4,0.1,0,0
"17",17,"September","NET",4,"NET-2",1,0.1,0,0
"18",18,"May","MT",1,"MT-1",1,0.2,0,0
"19",19,"May","MT",1,"MT-2",2,0.2,0,0
"20",20,"May","NET",1,"NET-3",5,0.2,0,0
"21",21,"May","NET",4,"NET-1",5,0.2,0,0
"22",22,"May","NET",4,"NET-3",1,0.2,1,1
"23",23,"May","NET",5,"NET-1",1,0.2,1,1
"24",24,"May","NET",5,"NET-3",5,0.2,0,0
"25",25,"May","NWT",4,"NWT-3",6,0.2,0,0
"26",26,"May","NWT",5,"NWT-2",3,0.2,1,1
"27",27,"May","WMT",1,"WMT-1",3,0.2,1,1
"28",28,"May","WMT",1,"WMT-3",5,0.2,0,0
"29",29,"May","WMT",2,"WMT-1",6,0.2,0,0
"30",30,"May","WMT",3,"WMT-1",3,0.2,1,1
"31",31,"May","WMT",4,"WMT-2",4,0.2,0,0
"32",32,"July","MT",1,"MT-1",4,0.2,0,0
"33",33,"July","MT",1,"MT-2",5,0.2,0,0
"34",34,"July","MT",2,"MT-3",5,0.2,0,0
"35",35,"July","NWT",4,"NWT-1",2,0.2,0,0
"36",36,"July","NWT",4,"NWT-2",5,0.2,0,0
"37",37,"July","NWT",4,"NWT-3",1,0.2,0,0
"38",38,"September","MT",1,"MT-3",1,0.2,0,0
"39",39,"September","NET",2,"NET-3",6,0.2,0,0
"40",40,"September","NET",4,"NET-1",3,0.2,0,0
"41",41,"September","NET",4,"NET-2",3,0.2,0,0
"42",42,"September","WMT",2,"WMT-3",2,0.2,4,4
"43",43,"May","MT",1,"MT-1",3,0.3,0,0
"44",44,"May","NET",1,"NET-1",3,0.3,0,0
"45",45,"May","NET",1,"NET-3",6,0.3,2,2
"46",46,"May","NET",3,"NET-3",1,0.3,0,0
"47",47,"May","NET",4,"NET-3",5,0.3,11,11
"48",48,"May","NET",5,"NET-1",3,0.3,2,2
"49",49,"May","NWT",5,"NWT-2",4,0.3,1,1
"50",50,"May","NWT",5,"NWT-3",6,0.3,0,0
"51",51,"May","WMT",4,"WMT-2",1,0.3,1,1
"52",52,"May","WMT",5,"WMT-1",1,0.3,0,0
"53",53,"May","WMT",5,"WMT-1",3,0.3,1,1
"54",54,"July","MT",2,"MT-3",4,0.3,0,0
"55",55,"July","MT",5,"MT-1",6,0.3,0,0
"56",56,"July","NWT",1,"NWT-2",1,0.3,0,0
"57",57,"July","SWT",4,"SWT-3",1,0.3,0,0
"58",58,"May","MT",2,"MT-3",2,0.4,0,0
"59",59,"May","MT",5,"MT-1",6,0.4,0,0
"60",60,"May","NET",5,"NET-1",2,0.4,2,2
"61",61,"May","NET",5,"NET-3",4,0.4,0,0
"62",62,"May","WMT",3,"WMT-1",6,0.4,0,0
"63",63,"July","NET",1,"NET-2",6,0.4,0,0
"64",64,"July","NET",4,"NET-2",3,0.4,0,0
"65",65,"July","NET",5,"NET-3",2,0.4,0,0
"66",66,"September","NET",3,"NET-3",2,0.4,0,0
"67",67,"September","NWT",3,"NWT-1",1,0.4,0,0
"68",68,"September","NWT",4,"NWT-1",3,0.4,0,0
"69",69,"September","NWT",4,"NWT-2",3,0.4,0,0
"70",70,"September","SET",1,"SET-1",6,0.4,0,0
"71",71,"September","WMT",4,"WMT-1",2,0.4,0,0
"72",72,"September","WMT",4,"WMT-2",5,0.4,3,3
"73",73,"May","WMT",4,"WMT-2",3,0.5,6,6
"74",74,"May","WMT",4,"WMT-3",2,0.5,2,2
"75",75,"July","WMT",2,"WMT-1",4,0.5,0,0
"76",76,"September","MT",1,"MT-1",5,0.5,0,0
"77",77,"September","NWT",4,"NWT-3",5,0.5,0,0
"78",78,"May","MT",5,"MT-3",1,0.6,0,0
"79",79,"May","NET",4,"NET-2",6,0.6,2,2
"80",80,"May","NET",5,"NET-3",3,0.6,0,0
"81",81,"May","NET",5,"NET-3",6,0.6,6,6
"82",82,"May","WMT",1,"WMT-1",2,0.6,7,7
"83",83,"May","WMT",1,"WMT-3",1,0.6,0,0
"84",84,"May","WMT",4,"WMT-2",5,0.6,1,1
"85",85,"July","SET",4,"SET-2",2,0.6,0,0
"86",86,"July","SET",4,"SET-3",2,0.6,0,0
"87",87,"July","SWT",1,"SWT-3",2,0.6,2,2
"88",88,"September","MT",3,"MT-1",2,0.6,0,0
"89",89,"September","NET",4,"NET-1",5,0.6,0,0
"90",90,"May","NET",1,"NET-2",2,0.7,0,0
"91",91,"May","NET",1,"NET-3",1,0.7,0,0
"92",92,"May","NET",3,"NET-1",2,0.7,0,0
"93",93,"May","NET",3,"NET-1",3,0.7,2,2
"94",94,"May","NET",5,"NET-3",1,0.7,2,2
"95",95,"July","MT",1,"MT-3",4,0.7,0,0
"96",96,"July","NET",3,"NET-2",4,0.7,0,0
"97",97,"July","NWT",4,"NWT-1",4,0.7,0,0
"98",98,"September","MT",1,"MT-3",3,0.7,0,0
"99",99,"May","MT",1,"MT-2",6,0.8,3,3
"100",100,"May","NET",3,"NET-1",4,0.8,0,0
"101",101,"May","NWT",1,"NWT-3",2,0.8,0,0
"102",102,"May","WMT",4,"WMT-2",6,0.8,2,2
"103",103,"July","NET",4,"NET-1",4,0.8,0,0
"104",104,"July","NWT",4,"NWT-2",6,0.8,2,2
"105",105,"July","SET",5,"SET-1",2,0.8,2,2
"106",106,"July","SWT",1,"SWT-1",6,0.8,0,0
"107",107,"July","SWT",3,"SWT-1",1,0.8,0,0
"108",108,"July","SWT",4,"SWT-1",6,0.8,0,0
"109",109,"September","SWT",2,"SWT-2",5,0.8,0,0
"110",110,"May","NET",2,"NET-2",6,0.9,1,1
"111",111,"May","NWT",2,"NWT-2",3,0.9,0,0
"112",112,"May","NWT",2,"NWT-3",6,0.9,0,0
"113",113,"May","NWT",5,"NWT-1",4,0.9,6,6
"114",114,"May","NWT",5,"NWT-1",5,0.9,6,6
"115",115,"July","SWT",3,"SWT-1",6,0.9,0,0
"116",116,"May","MT",2,"MT-1",4,1,0,0
"117",117,"May","NET",4,"NET-3",2,1,2,2
"118",118,"May","NWT",2,"NWT-1",6,1,1,1
"119",119,"May","NWT",5,"NWT-3",3,1,0,0
"120",120,"May","WMT",5,"WMT-2",5,1,0,0
"121",121,"July","NET",4,"NET-3",1,1,0,0
"122",122,"July","NWT",2,"NWT-1",4,1,3,3
"123",123,"July","SET",1,"SET-3",1,1,1,1
"124",124,"July","SET",4,"SET-1",5,1,2,2
"125",125,"July","SET",4,"SET-2",6,1,0,0
"126",126,"May","MT",3,"MT-1",5,1.1,0,0
"127",127,"May","NWT",2,"NWT-1",3,1.1,3,3
"128",128,"May","NWT",5,"NWT-3",5,1.1,2,2
"129",129,"May","WMT",2,"WMT-3",5,1.1,0,0
"130",130,"May","WMT",5,"WMT-1",2,1.1,1,1
"131",131,"July","NET",4,"NET-2",6,1.1,0,0
"132",132,"September","WMT",3,"WMT-3",2,1.1,0,0
"133",133,"May","WMT",2,"WMT-3",3,1.2,0,0
"134",134,"May","WMT",5,"WMT-1",4,1.2,8,8
"135",135,"July","SWT",1,"SWT-3",4,1.2,5,5
"136",136,"July","SWT",3,"SWT-1",3,1.2,1,1
"137",137,"September","NET",1,"NET-3",4,1.2,0,0
"138",138,"September","WMT",4,"WMT-3",2,1.2,26,26
"139",139,"May","NWT",2,"NWT-1",1,1.3,3,3
"140",140,"May","NWT",4,"NWT-3",3,1.3,0,0
"141",141,"May","WMT",2,"WMT-1",2,1.3,4,4
"142",142,"May","WMT",5,"WMT-2",2,1.3,8,8
"143",143,"July","MT",1,"MT-3",5,1.3,2,2
"144",144,"July","NET",2,"NET-2",4,1.3,0,0
"145",145,"July","SET",5,"SET-1",3,1.3,4,4
"146",146,"May","MT",2,"MT-3",6,1.4,0,0
"147",147,"May","NET",5,"NET-1",6,1.4,0,0
"148",148,"May","NWT",5,"NWT-2",1,1.4,1,1
"149",149,"May","WMT",5,"WMT-3",3,1.4,2,2
"150",150,"July","NWT",4,"NWT-3",4,1.4,0,0
"151",151,"July","SET",1,"SET-1",5,1.4,0,0
"152",152,"July","WMT",3,"WMT-1",3,1.4,2,2
"153",153,"September","NWT",2,"NWT-3",2,1.4,8,8
"154",154,"September","SET",2,"SET-2",1,1.4,0,0
"155",155,"September","SET",2,"SET-3",1,1.4,4,4
"156",156,"May","NWT",2,"NWT-1",4,1.5,2,2
"157",157,"May","NWT",5,"NWT-3",4,1.5,0,0
"158",158,"July","WMT",3,"WMT-1",6,1.5,0,0
"159",159,"May","NWT",3,"NWT-1",5,1.6,2,2
"160",160,"May","WMT",1,"WMT-1",6,1.6,2,2
"161",161,"July","NET",1,"NET-3",2,1.6,0,0
"162",162,"May","NWT",2,"NWT-3",5,1.63,4,4
"163",163,"May","MT",5,"MT-3",4,1.7,8,8
"164",164,"May","NWT",3,"NWT-1",4,1.7,0,0
"165",165,"July","MT",3,"MT-1",1,1.7,0,0
"166",166,"July","SET",3,"SET-3",1,1.7,0,0
"167",167,"May","NWT",3,"NWT-1",6,1.8,0,0
"168",168,"May","NWT",3,"NWT-3",3,1.8,2,2
"169",169,"July","NWT",4,"NWT-1",6,1.8,1,1
"170",170,"July","SWT",2,"SWT-1",3,1.8,0,0
"171",171,"July","SWT",5,"SWT-3",5,1.8,0,0
"172",172,"May","MT",5,"MT-3",3,1.9,8,8
"173",173,"May","MT",5,"MT-3",6,1.9,2,2
"174",174,"May","WMT",1,"WMT-3",6,1.9,0,0
"175",175,"July","SET",3,"SET-3",5,1.9,0,0
"176",176,"July","SWT",4,"SWT-3",2,1.9,0,0
"177",177,"July","WMT",4,"WMT-2",2,1.9,0,0
"178",178,"September","SWT",2,"SWT-1",4,1.9,0,0
"179",179,"May","WMT",2,"WMT-1",5,2,1,1
"180",180,"May","WMT",5,"WMT-3",6,2,0,0
"181",181,"September","NET",4,"NET-2",4,2,0,0
"182",182,"September","NET",4,"NET-3",2,2,0,0
"183",183,"September","MT",1,"MT-2",3,2.1,0,0
"184",184,"May","NET",2,"NET-3",6,2.2,7,7
"185",185,"July","WMT",3,"WMT-1",4,2.2,12,12
"186",186,"September","NET",4,"NET-1",1,2.2,0,0
"187",187,"September","NWT",4,"NWT-3",1,2.2,0,0
"188",188,"May","NWT",3,"NWT-3",2,2.3,1,1
"189",189,"July","NWT",3,"NWT-3",2,2.3,0,0
"190",190,"September","MT",1,"MT-3",2,2.3,5,5
"191",191,"September","WMT",1,"WMT-1",1,2.3,0,0
"192",192,"September","WMT",3,"WMT-3",4,2.3,4,4
"193",193,"May","MT",2,"MT-1",5,2.4,0,0
"194",194,"May","NET",1,"NET-1",4,2.4,0,0
"195",195,"May","NWT",5,"NWT-2",2,2.4,6,6
"196",196,"July","NET",4,"NET-3",4,2.4,1,1
"197",197,"July","NWT",4,"NWT-1",5,2.4,0,0
"198",198,"May","NWT",5,"NWT-1",3,2.5,0,0
"199",199,"July","SWT",1,"SWT-1",1,2.5,16,16
"200",200,"July","WMT",2,"WMT-1",6,2.5,0,0
"201",201,"September","SWT",3,"SWT-2",3,2.5,0,0
"202",202,"May","NET",3,"NET-2",1,2.6,3,3
"203",203,"May","NET",4,"NET-2",3,2.6,10,10
"204",204,"May","WMT",3,"WMT-3",5,2.7,1,1
"205",205,"September","NWT",4,"NWT-2",1,2.7,6,6
"206",206,"May","NET",1,"NET-1",5,2.8,0,0
"207",207,"May","NET",2,"NET-1",3,2.8,5,5
"208",208,"May","NET",3,"NET-2",6,2.8,8,8
"209",209,"September","NET",3,"NET-3",6,2.8,0,0
"210",210,"May","NET",3,"NET-2",5,2.9,4,4
"211",211,"May","NET",5,"NET-3",2,2.9,0,0
"212",212,"May","NWT",5,"NWT-1",1,2.9,3,3
"213",213,"May","NWT",5,"NWT-3",2,2.9,0,0
"214",214,"July","SET",3,"SET-1",6,2.9,1,1
"215",215,"May","MT",5,"MT-1",4,3,4,4
"216",216,"May","NWT",3,"NWT-1",3,3,1,1
"217",217,"May","WMT",3,"WMT-1",5,3,2,2
"218",218,"September","MT",2,"MT-3",2,3,5,5
"219",219,"September","NET",2,"NET-3",5,3,16,16
"220",220,"September","NWT",2,"NWT-1",5,3,4,4
"221",221,"September","SET",2,"SET-2",6,3,4,4
"222",222,"September","SWT",3,"SWT-3",5,3,4,4
"223",223,"May","NET",5,"NET-1",5,3.1,4,4
"224",224,"July","WMT",1,"WMT-1",4,3.1,1,1
"225",225,"September","SWT",1,"SWT-3",1,3.1,0,0
"226",226,"September","WMT",1,"WMT-1",6,3.1,0,0
"227",227,"May","NWT",3,"NWT-1",2,3.2,0,0
"228",228,"May","NWT",4,"NWT-3",1,3.2,8,8
"229",229,"July","SET",4,"SET-3",5,3.2,0,0
"230",230,"July","WMT",4,"WMT-3",2,3.2,4,4
"231",231,"September","NET",2,"NET-3",4,3.2,1,1
"232",232,"May","MT",1,"MT-2",4,3.3,3,3
"233",233,"May","NET",3,"NET-3",2,3.3,0,0
"234",234,"May","NWT",2,"NWT-2",4,3.3,1,1
"235",235,"May","WMT",4,"WMT-1",1,3.3,13,13
"236",236,"September","MT",2,"MT-1",5,3.3,0,0
"237",237,"September","SWT",2,"SWT-2",4,3.3,0,0
"238",238,"July","NET",2,"NET-2",6,3.4,1,1
"239",239,"July","NET",5,"NET-3",4,3.4,0,0
"240",240,"September","SET",3,"SET-1",1,3.4,49,49
"241",241,"September","WMT",3,"WMT-3",5,3.4,4,4
"242",242,"May","NWT",4,"NWT-2",1,3.5,2,2
"243",243,"July","SET",2,"SET-1",5,3.5,2,2
"244",244,"July","SWT",1,"SWT-1",2,3.5,12,12
"245",245,"July","WMT",1,"WMT-1",2,3.5,2,2
"246",246,"September","MT",1,"MT-1",2,3.5,0,0
"247",247,"September","MT",2,"MT-3",5,3.5,0,0
"248",248,"September","WMT",4,"WMT-1",3,3.5,2,2
"249",249,"May","MT",1,"MT-3",2,3.6,10,10
"250",250,"July","MT",3,"MT-1",6,3.6,2,2
"251",251,"July","NET",4,"NET-2",1,3.6,0,0
"252",252,"July","SWT",3,"SWT-1",2,3.6,9,9
"253",253,"September","SET",4,"SET-3",5,3.6,0,0
"254",254,"July","MT",1,"MT-1",6,3.7,9,9
"255",255,"July","WMT",4,"WMT-1",2,3.7,0,0
"256",256,"September","WMT",2,"WMT-3",4,3.7,4,4
"257",257,"May","MT",3,"MT-1",6,3.8,0,0
"258",258,"September","MT",1,"MT-1",3,3.8,1,1
"259",259,"May","MT",5,"MT-3",2,3.9,23,23
"260",260,"July","NWT",3,"NWT-3",3,3.9,0,0
"261",261,"September","SWT",2,"SWT-3",2,3.9,0,0
"262",262,"May","NET",4,"NET-3",4,4,10,10
"263",263,"May","WMT",5,"WMT-3",2,4,1,1
"264",264,"July","WMT",5,"WMT-3",2,4,0,0
"265",265,"September","NWT",4,"NWT-1",2,4.1,0,0
"266",266,"September","SET",3,"SET-3",4,4.1,0,0
"267",267,"May","NET",1,"NET-1",6,4.2,0,0
"268",268,"May","NWT",3,"NWT-3",4,4.2,0,0
"269",269,"May","WMT",5,"WMT-3",4,4.2,13,13
"270",270,"July","NWT",3,"NWT-1",1,4.2,0,0
"271",271,"July","SET",2,"SET-3",1,4.2,5,5
"272",272,"September","NET",2,"NET-1",2,4.2,3,3
"273",273,"May","MT",4,"MT-2",1,4.3,8,8
"274",274,"May","WMT",2,"WMT-2",3,4.3,0,0
"275",275,"July","MT",1,"MT-1",2,4.3,10,10
"276",276,"September","NWT",4,"NWT-1",6,4.3,15,15
"277",277,"September","SWT",3,"SWT-1",2,4.3,0,0
"278",278,"May","NET",3,"NET-1",1,4.4,1,1
"279",279,"September","SWT",2,"SWT-1",3,4.4,5,5
"280",280,"September","WMT",2,"WMT-3",1,4.5,2,2
"281",281,"September","WMT",4,"WMT-2",6,4.5,25,25
"282",282,"July","MT",3,"MT-1",5,4.6,1,1
"283",283,"September","NET",2,"NET-3",2,4.6,1,1
"284",284,"May","MT",5,"MT-1",5,4.7,15,15
"285",285,"May","NWT",3,"NWT-2",2,4.7,8,8
"286",286,"July","MT",1,"MT-2",6,4.7,9,9
"287",287,"July","SWT",1,"SWT-3",3,4.7,5,5
"288",288,"July","SWT",2,"SWT-1",1,4.7,3,3
"289",289,"July","WMT",3,"WMT-3",6,4.7,2,2
"290",290,"September","WMT",2,"WMT-1",1,4.7,9,9
"291",291,"September","WMT",2,"WMT-3",5,4.7,15,15
"292",292,"May","NWT",5,"NWT-3",1,4.8,4,4
"293",293,"July","SET",3,"SET-2",1,4.9,2,2
"294",294,"May","MT",1,"MT-2",3,5,1,1
"295",295,"July","WMT",5,"WMT-3",4,5,0,0
"296",296,"September","MT",4,"MT-3",6,5,20,20
"297",297,"May","NWT",1,"NWT-1",1,5.1,0,0
"298",298,"May","NWT",2,"NWT-2",2,5.1,4,4
"299",299,"May","WMT",5,"WMT-1",5,5.2,6,6
"300",300,"July","WMT",4,"WMT-1",3,5.2,0,0
"301",301,"September","SWT",2,"SWT-3",3,5.2,5,5
"302",302,"May","WMT",2,"WMT-2",1,5.4,0,0
"303",303,"July","WMT",1,"WMT-1",3,5.4,1,1
"304",304,"September","MT",3,"MT-3",3,5.4,1,1
"305",305,"September","SWT",2,"SWT-3",5,5.4,1,1
"306",306,"May","MT",1,"MT-2",5,5.6,4,4
"307",307,"July","SWT",2,"SWT-3",4,5.6,0,0
"308",308,"September","SWT",3,"SWT-1",3,5.6,14,14
"309",309,"July","NWT",4,"NWT-2",1,5.8,5,5
"310",310,"May","WMT",1,"WMT-1",4,5.9,4,4
"311",311,"July","SWT",3,"SWT-2",6,5.9,1,1
"312",312,"September","MT",2,"MT-1",6,5.9,0,0
"313",313,"September","WMT",4,"WMT-1",4,5.9,8,8
"314",314,"July","NWT",2,"NWT-2",3,6,2,2
"315",315,"July","SWT",2,"SWT-2",2,6,2,2
"316",316,"September","WMT",5,"WMT-1",1,6,2,2
"317",317,"May","NET",4,"NET-2",2,6.1,5,5
"318",318,"September","MT",1,"MT-1",4,6.1,0,0
"319",319,"September","SWT",3,"SWT-3",6,6.2,0,0
"320",320,"May","NET",2,"NET-1",1,6.3,4,4
"321",321,"July","SWT",5,"SWT-3",1,6.3,0,0
"322",322,"July","WMT",2,"WMT-1",1,6.3,13,13
"323",323,"September","NWT",3,"NWT-3",6,6.3,6,6
"324",324,"May","NWT",2,"NWT-2",6,6.4,10,10
"325",325,"July","WMT",4,"WMT-2",6,6.4,0,0
"326",326,"May","WMT",2,"WMT-2",2,6.5,10,10
"327",327,"July","NWT",2,"NWT-3",1,6.5,1,1
"328",328,"September","NET",4,"NET-1",6,6.5,3,3
"329",329,"May","MT",1,"MT-3",1,6.6,1,1
"330",330,"May","NWT",2,"NWT-2",1,6.6,0,0
"331",331,"May","WMT",1,"WMT-1",5,6.6,1,1
"332",332,"July","NET",5,"NET-3",5,6.6,0,0
"333",333,"September","NET",2,"NET-1",4,6.6,7,7
"334",334,"May","NET",4,"NET-1",6,6.8,11,11
"335",335,"September","SET",2,"SET-1",6,6.8,0,0
"336",336,"September","MT",5,"MT-3",3,7,0,0
"337",337,"July","NET",3,"NET-1",3,7.1,3,3
"338",338,"September","NET",3,"NET-1",4,7.1,7,7
"339",339,"May","NET",3,"NET-2",4,7.2,0,0
"340",340,"September","SET",2,"SET-3",2,7.2,1,1
"341",341,"September","WMT",3,"WMT-2",6,7.2,2,2
"342",342,"May","MT",5,"MT-3",5,7.3,1,1
"343",343,"July","SET",4,"SET-3",3,7.3,0,0
"344",344,"September","NWT",2,"NWT-1",4,7.3,4,4
"345",345,"May","NWT",2,"NWT-3",2,7.4,19,19
"346",346,"May","MT",3,"MT-2",1,7.5,5,5
"347",347,"September","SWT",3,"SWT-3",4,7.6,34,34
"348",348,"September","WMT",3,"WMT-2",2,7.6,0,0
"349",349,"July","MT",1,"MT-2",3,7.8,6,6
"350",350,"September","WMT",1,"WMT-1",2,7.8,17,17
"351",351,"May","WMT",2,"WMT-3",2,8,6,6
"352",352,"September","SET",2,"SET-2",2,8,3,3
"353",353,"May","WMT",2,"WMT-3",6,8.1,11,11
"354",354,"May","NET",2,"NET-3",1,8.4,3,3
"355",355,"May","WMT",1,"WMT-1",1,8.4,22,22
"356",356,"July","WMT",1,"WMT-1",5,8.4,6,6
"357",357,"May","NET",2,"NET-2",5,8.5,7,7
"358",358,"July","MT",1,"MT-1",5,8.5,15,15
"359",359,"September","WMT",2,"WMT-3",3,8.5,2,2
"360",360,"May","NET",4,"NET-3",6,8.6,11,11
"361",361,"May","NWT",3,"NWT-3",5,8.6,2,2
"362",362,"July","SWT",2,"SWT-3",5,8.6,7,7
"363",363,"September","SET",4,"SET-3",4,8.7,0,0
"364",364,"May","NET",2,"NET-3",5,8.8,13,13
"365",365,"July","SWT",4,"SWT-1",4,8.9,3,3
"366",366,"May","NET",4,"NET-2",1,9,10,10
"367",367,"July","MT",5,"MT-1",2,9,0,0
"368",368,"July","NET",4,"NET-1",1,9,4,4
"369",369,"May","NET",2,"NET-2",3,9.1,11,11
"370",370,"September","NET",3,"NET-3",3,9.1,1,1
"371",371,"September","NET",2,"NET-3",3,9.2,3,3
"372",372,"May","MT",5,"MT-1",2,9.3,2,2
"373",373,"July","NET",4,"NET-3",2,9.3,4,4
"374",374,"July","WMT",5,"WMT-1",1,9.4,16,16
"375",375,"September","MT",5,"MT-3",1,9.4,0,0
"376",376,"May","MT",5,"MT-1",3,9.5,0,0
"377",377,"September","NWT",2,"NWT-3",1,9.5,0,0
"378",378,"May","WMT",2,"WMT-3",4,9.6,2,2
"379",379,"May","WMT",3,"WMT-3",3,9.6,15,15
"380",380,"July","NET",3,"NET-3",4,9.6,0,0
"381",381,"May","NWT",3,"NWT-2",4,9.7,2,2
"382",382,"July","NWT",4,"NWT-2",4,9.7,0,0
"383",383,"July","NWT",1,"NWT-3",5,9.8,0,0
"384",384,"July","NET",5,"NET-3",3,9.9,0,0
"385",385,"September","NWT",2,"NWT-2",4,10.1,5,5
"386",386,"May","NET",2,"NET-2",4,10.2,18,18
"387",387,"July","SWT",4,"SWT-2",4,10.2,2,2
"388",388,"May","NWT",2,"NWT-2",5,10.3,14,14
"389",389,"July","WMT",4,"WMT-3",3,10.3,58,58
"390",390,"July","MT",1,"MT-3",6,10.4,1,1
"391",391,"July","NET",2,"NET-1",1,10.5,1,1
"392",392,"May","MT",5,"MT-1",1,10.7,31,31
"393",393,"May","WMT",5,"WMT-2",3,10.7,9,9
"394",394,"May","NWT",2,"NWT-1",2,10.8,7,7
"395",395,"September","SWT",2,"SWT-2",6,10.8,4,4
"396",396,"May","MT",2,"MT-3",3,10.9,8,8
"397",397,"July","SWT",3,"SWT-2",5,10.9,8,8
"398",398,"September","SWT",5,"SWT-1",4,11.1,7,7
"399",399,"July","NET",2,"NET-3",5,11.3,10,10
"400",400,"September","NET",5,"NET-3",6,11.3,0,0
"401",401,"May","NET",5,"NET-2",3,11.4,18,18
"402",402,"May","NWT",4,"NWT-1",5,11.5,18,18
"403",403,"September","SET",3,"SET-1",5,11.5,12,12
"404",404,"July","MT",1,"MT-3",3,11.6,1,1
"405",405,"September","NET",3,"NET-1",3,11.6,0,0
"406",406,"May","NWT",3,"NWT-2",1,11.7,5,5
"407",407,"May","NET",3,"NET-1",5,11.9,4,4
"408",408,"May","WMT",5,"WMT-3",1,11.9,9,9
"409",409,"September","WMT",2,"WMT-2",1,11.9,8,8
"410",410,"May","WMT",1,"WMT-2",1,12.1,7,7
"411",411,"July","SET",2,"SET-1",6,12.1,10,10
"412",412,"May","WMT",4,"WMT-1",4,12.2,1,1
"413",413,"July","NET",4,"NET-3",5,12.2,2,2
"414",414,"July","WMT",4,"WMT-3",1,12.2,10,10
"415",415,"May","WMT",2,"WMT-3",1,12.3,20,20
"416",416,"September","SWT",1,"SWT-1",1,12.3,0,0
"417",417,"July","SWT",3,"SWT-1",4,12.4,0,0
"418",418,"September","SET",3,"SET-2",2,12.4,2,2
"419",419,"September","WMT",5,"WMT-1",3,12.5,10,10
"420",420,"July","SET",3,"SET-3",2,12.6,5,5
"421",421,"July","NET",4,"NET-3",6,12.7,2,2
"422",422,"July","MT",1,"MT-1",1,12.8,5,5
"423",423,"July","NET",5,"NET-2",6,12.8,2,2
"424",424,"July","SET",2,"SET-2",5,12.8,8,8
"425",425,"September","WMT",2,"WMT-3",6,12.8,6,6
"426",426,"July","SET",3,"SET-2",3,12.9,2,2
"427",427,"September","SET",2,"SET-2",4,13,19,19
"428",428,"May","NWT",1,"NWT-3",1,13.1,7,7
"429",429,"July","WMT",4,"WMT-2",4,13.1,0,0
"430",430,"September","SET",2,"SET-3",3,13.1,12,12
"431",431,"September","NWT",3,"NWT-1",6,13.2,3,3
"432",432,"July","WMT",1,"WMT-1",1,13.4,6,6
"433",433,"July","MT",4,"MT-3",6,13.5,5,5
"434",434,"July","NET",3,"NET-3",1,13.5,2,2
"435",435,"September","SWT",3,"SWT-1",4,13.5,11,11
"436",436,"May","WMT",3,"WMT-3",6,13.7,34,34
"437",437,"September","SET",3,"SET-3",1,13.8,0,0
"438",438,"September","MT",3,"MT-1",4,13.9,12,12
"439",439,"May","NET",1,"NET-3",2,14,0,0
"440",440,"September","WMT",3,"WMT-2",1,14,0,0
"441",441,"July","WMT",4,"WMT-2",3,14.3,0,0
"442",442,"September","SWT",3,"SWT-1",5,14.3,45,45
"443",443,"May","WMT",3,"WMT-2",6,14.4,15,15
"444",444,"September","MT",5,"MT-1",2,14.4,0,0
"445",445,"July","NWT",3,"NWT-1",2,14.5,2,2
"446",446,"July","SWT",1,"SWT-3",6,14.5,5,5
"447",447,"September","WMT",5,"WMT-3",5,14.5,20,20
"448",448,"September","SWT",1,"SWT-1",5,14.7,10,10
"449",449,"September","NET",4,"NET-3",5,14.8,0,0
"450",450,"May","NET",2,"NET-1",5,14.9,31,31
"451",451,"May","WMT",2,"WMT-1",4,15,26,26
"452",452,"May","WMT",2,"WMT-2",6,15,14,14
"453",453,"July","MT",4,"MT-3",5,15,21,21
"454",454,"July","SET",2,"SET-3",2,15.3,5,5
"455",455,"July","WMT",1,"WMT-1",6,15.3,12,12
"456",456,"May","NWT",2,"NWT-3",3,15.6,10,10
"457",457,"May","NWT",3,"NWT-2",3,15.6,14,14
"458",458,"September","NET",3,"NET-2",4,15.6,15,15
"459",459,"July","SWT",2,"SWT-1",4,15.9,4,4
"460",460,"May","WMT",2,"WMT-2",4,16.1,19,19
"461",461,"September","WMT",3,"WMT-2",4,16.1,0,0
"462",462,"May","NET",2,"NET-1",6,16.3,14,14
"463",463,"July","SET",2,"SET-2",4,16.3,27,27
"464",464,"July","SWT",3,"SWT-2",3,16.3,0,0
"465",465,"July","SET",2,"SET-2",1,16.6,11,11
"466",466,"September","SWT",1,"SWT-1",3,16.6,14,14
"467",467,"May","WMT",2,"WMT-1",3,16.7,21,21
"468",468,"July","NET",3,"NET-1",5,16.8,5,5
"469",469,"September","SET",2,"SET-1",4,17.3,11,11
"470",470,"July","NWT",2,"NWT-1",6,17.6,14,14
"471",471,"July","SWT",5,"SWT-2",6,17.6,13,13
"472",472,"September","SET",2,"SET-2",5,17.6,2,2
"473",473,"July","SET",2,"SET-2",6,17.7,7,7
"474",474,"May","WMT",5,"WMT-2",1,17.8,12,12
"475",475,"September","WMT",3,"WMT-2",5,17.8,0,0
"476",476,"July","NWT",3,"NWT-1",5,17.9,13,13
"477",477,"July","SET",2,"SET-2",3,17.9,10,10
"478",478,"September","SWT",1,"SWT-1",6,18,7,7
"479",479,"September","SWT",4,"SWT-1",6,18.1,0,0
"480",480,"September","SWT",3,"SWT-2",2,18.2,17,17
"481",481,"May","WMT",3,"WMT-2",1,18.5,10,10
"482",482,"May","WMT",2,"WMT-2",5,18.6,23,23
"483",483,"September","MT",4,"MT-1",6,18.6,0,0
"484",484,"September","NET",3,"NET-2",3,18.6,0,0
"485",485,"July","NET",4,"NET-3",3,19,2,2
"486",486,"July","NWT",2,"NWT-2",4,19.2,6,6
"487",487,"September","SWT",2,"SWT-3",6,19.3,2,2
"488",488,"July","NET",2,"NET-1",2,19.4,0,0
"489",489,"July","WMT",4,"WMT-3",4,19.4,6,6
"490",490,"September","NWT",2,"NWT-2",2,19.5,4,4
"491",491,"May","WMT",4,"WMT-1",3,19.6,1,1
"492",492,"July","WMT",2,"WMT-2",1,19.9,17,17
"493",493,"May","NWT",5,"NWT-1",6,20.2,1,1
"494",494,"July","SET",2,"SET-2",2,20.3,13,13
"495",495,"July","MT",5,"MT-2",1,20.6,2,2
"496",496,"July","SWT",2,"SWT-2",6,20.6,27,27
"497",497,"July","NWT",2,"NWT-1",3,20.7,35,35
"498",498,"May","WMT",3,"WMT-2",5,20.9,22,22
"499",499,"May","NET",3,"NET-2",3,21.2,20,20
"500",500,"May","NET",2,"NET-1",4,21.3,32,32
"501",501,"May","NET",2,"NET-3",4,21.3,6,6
"502",502,"September","SET",3,"SET-2",1,21.4,0,0
"503",503,"September","SWT",3,"SWT-1",6,21.4,30,30
"504",504,"July","MT",5,"MT-3",2,21.6,0,0
"505",505,"May","MT",3,"MT-3",5,21.7,0,0
"506",506,"July","WMT",3,"WMT-1",2,21.9,35,35
"507",507,"September","SET",2,"SET-1",5,21.9,11,11
"508",508,"May","NET",1,"NET-3",3,22.1,2,2
"509",509,"September","SWT",3,"SWT-3",3,22.5,0,0
"510",510,"May","NWT",3,"NWT-2",6,22.7,11,11
"511",511,"July","NET",5,"NET-1",6,22.8,4,4
"512",512,"September","SET",3,"SET-3",6,22.8,9,9
"513",513,"September","NWT",3,"NWT-3",3,23,2,2
"514",514,"May","MT",3,"MT-1",3,23.2,28,28
"515",515,"September","NWT",2,"NWT-2",6,23.3,17,17
"516",516,"July","NWT",2,"NWT-2",1,23.5,12,12
"517",517,"July","SET",4,"SET-1",4,23.5,5,5
"518",518,"July","SET",3,"SET-3",6,23.6,12,12
"519",519,"September","MT",3,"MT-3",6,23.6,15,15
"520",520,"May","MT",4,"MT-3",6,23.7,20,20
"521",521,"May","NET",3,"NET-3",6,23.7,15,15
"522",522,"September","NET",5,"NET-1",6,23.7,23,23
"523",523,"May","NWT",3,"NWT-2",5,23.8,13,13
"524",524,"September","NET",3,"NET-3",4,23.8,8,8
"525",525,"September","WMT",5,"WMT-3",2,23.8,11,11
"526",526,"July","NWT",3,"NWT-1",4,23.9,3,3
"527",527,"September","SWT",1,"SWT-1",2,23.9,45,45
"528",528,"July","MT",3,"MT-3",3,24.1,5,5
"529",529,"July","SET",5,"SET-3",3,24.3,25,25
"530",530,"May","NWT",4,"NWT-1",6,24.6,24,24
"531",531,"May","WMT",3,"WMT-3",4,24.6,13,13
"532",532,"September","WMT",3,"WMT-1",6,24.6,6,6
"533",533,"May","NET",3,"NET-3",4,24.8,73,73
"534",534,"September","WMT",2,"WMT-2",5,24.8,9,9
"535",535,"September","NWT",5,"NWT-2",2,24.9,18,18
"536",536,"May","NET",2,"NET-3",2,25.1,40,40
"537",537,"May","NWT",3,"NWT-3",6,25.2,6,6
"538",538,"July","SET",2,"SET-1",1,25.2,47,47
"539",539,"September","NET",3,"NET-2",1,25.2,4,4
"540",540,"May","NWT",2,"NWT-3",4,25.4,17,17
"541",541,"May","NWT",3,"NWT-3",1,25.4,6,6
"542",542,"May","WMT",3,"WMT-2",3,25.4,22,22
"543",543,"September","SET",2,"SET-1",1,25.5,3,3
"544",544,"July","WMT",2,"WMT-2",3,25.8,19,19
"545",545,"September","SET",5,"SET-1",2,25.8,5,5
"546",546,"July","NWT",5,"NWT-2",1,26,10,10
"547",547,"July","SWT",5,"SWT-3",2,26,10,10
"548",548,"September","SET",2,"SET-3",4,26.3,8,8
"549",549,"September","WMT",2,"WMT-2",3,26.3,6,6
"550",550,"May","NET",3,"NET-3",3,26.4,32,32
"551",551,"July","SWT",5,"SWT-1",2,26.6,7,7
"552",552,"July","MT",1,"MT-2",4,26.8,18,18
"553",553,"September","NWT",2,"NWT-2",1,26.8,6,6
"554",554,"July","NET",5,"NET-1",4,27.4,10,10
"555",555,"May","WMT",3,"WMT-3",2,27.7,16,16
"556",556,"July","MT",4,"MT-3",4,27.8,7,7
"557",557,"July","NET",5,"NET-2",4,27.8,2,2
"558",558,"September","SWT",1,"SWT-3",3,27.8,10,10
"559",559,"September","NWT",5,"NWT-1",6,27.9,10,10
"560",560,"September","SWT",1,"SWT-3",4,27.9,10,10
"561",561,"September","NET",2,"NET-1",3,28,10,10
"562",562,"September","SET",2,"SET-3",5,28.4,14,14
"563",563,"September","MT",4,"MT-3",5,28.8,16,16
"564",564,"July","SWT",2,"SWT-3",6,28.9,16,16
"565",565,"September","WMT",3,"WMT-1",4,29,45,45
"566",566,"September","SWT",5,"SWT-3",1,29.2,23,23
"567",567,"September","WMT",5,"WMT-3",1,29.2,2,2
"568",568,"July","NWT",2,"NWT-2",6,29.7,11,11
"569",569,"May","NWT",4,"NWT-1",4,30.2,24,24
"570",570,"September","WMT",2,"WMT-2",6,30.2,9,9
"571",571,"September","MT",4,"MT-1",5,30.3,29,29
"572",572,"September","NET",2,"NET-1",1,30.4,6,6
"573",573,"September","NET",5,"NET-2",2,30.4,0,0
"574",574,"May","NET",2,"NET-3",3,30.6,25,25
"575",575,"July","SET",3,"SET-2",2,30.6,7,7
"576",576,"July","MT",4,"MT-1",3,30.7,34,34
"577",577,"July","WMT",2,"WMT-3",3,30.8,19,19
"578",578,"September","MT",4,"MT-3",4,30.8,0,0
"579",579,"September","NET",2,"NET-2",3,30.9,13,13
"580",580,"May","MT",4,"MT-3",3,31,25,25
"581",581,"May","WMT",3,"WMT-2",4,31.3,20,20
"582",582,"May","MT",3,"MT-3",4,31.7,0,0
"583",583,"September","NWT",2,"NWT-2",3,31.7,4,4
"584",584,"September","NET",4,"NET-2",2,31.8,12,12
"585",585,"July","SET",4,"SET-3",1,32,60,60
"586",586,"September","WMT",2,"WMT-2",2,32.1,13,13
"587",587,"July","SWT",4,"SWT-2",2,32.6,0,0
"588",588,"May","WMT",3,"WMT-1",1,32.7,16,16
"589",589,"July","SET",4,"SET-3",4,33.1,6,6
"590",590,"September","MT",3,"MT-3",5,33.1,13,13
"591",591,"September","SWT",3,"SWT-3",1,33.4,36,36
"592",592,"July","WMT",5,"WMT-1",5,33.7,11,11
"593",593,"May","MT",3,"MT-3",6,34.2,24,24
"594",594,"July","NET",5,"NET-1",5,34.4,14,14
"595",595,"July","MT",1,"MT-3",2,34.6,9,9
"596",596,"July","NET",4,"NET-2",2,34.6,11,11
"597",597,"July","SET",5,"SET-3",4,34.7,26,26
"598",598,"July","NWT",5,"NWT-3",6,36,56,56
"599",599,"September","SET",2,"SET-2",3,36.1,9,9
"600",600,"September","NET",2,"NET-1",5,36.2,37,37
"601",601,"September","WMT",4,"WMT-2",3,36.2,0,0
"602",602,"July","WMT",5,"WMT-1",4,36.5,15,15
"603",603,"September","NET",2,"NET-2",4,36.7,41,41
"604",604,"September","SWT",1,"SWT-1",4,36.7,41,41
"605",605,"September","WMT",2,"WMT-1",4,36.9,21,21
"606",606,"July","SWT",1,"SWT-3",1,37.3,18,18
"607",607,"May","WMT",2,"WMT-1",1,37.5,37,37
"608",608,"July","SWT",2,"SWT-2",4,37.5,14,14
"609",609,"September","WMT",2,"WMT-1",2,37.5,21,21
"610",610,"July","NWT",5,"NWT-1",2,37.6,18,18
"611",611,"May","WMT",3,"WMT-3",1,37.7,22,22
"612",612,"September","NWT",2,"NWT-3",3,37.7,25,25
"613",613,"September","MT",4,"MT-1",3,38.6,37,37
"614",614,"July","NET",2,"NET-2",2,39,27,27
"615",615,"September","NWT",2,"NWT-2",5,39,15,15
"616",616,"May","NET",3,"NET-1",6,39.3,10,10
"617",617,"July","WMT",2,"WMT-3",2,39.4,99,99
"618",618,"July","NWT",5,"NWT-1",1,39.5,23,23
"619",619,"September","NWT",5,"NWT-3",5,39.5,27,27
"620",620,"July","WMT",5,"WMT-1",6,39.7,38,38
"621",621,"July","SET",5,"SET-2",1,39.8,40,40
"622",622,"July","SET",5,"SET-3",1,40.4,12,12
"623",623,"September","MT",3,"MT-3",4,40.5,16,16
"624",624,"July","WMT",3,"WMT-1",5,40.8,8,8
"625",625,"September","NET",2,"NET-2",5,40.8,18,18
"626",626,"July","SWT",2,"SWT-1",6,40.9,30,30
"627",627,"July","SET",2,"SET-3",6,41.1,28,28
"628",628,"September","WMT",2,"WMT-2",4,41.2,11,11
"629",629,"July","MT",3,"MT-2",1,41.6,3,3
"630",630,"July","MT",4,"MT-3",3,41.6,6,6
"631",631,"July","NWT",2,"NWT-1",5,41.6,30,30
"632",632,"July","NWT",5,"NWT-2",5,41.6,9,9
"633",633,"July","SWT",5,"SWT-1",1,42,48,48
"634",634,"July","NWT",4,"NWT-3",5,42.2,2,2
"635",635,"September","SET",2,"SET-1",3,42.2,33,33
"636",636,"July","WMT",2,"WMT-1",2,42.3,40,40
"637",637,"July","NWT",2,"NWT-2",2,42.4,30,30
"638",638,"July","MT",1,"MT-3",1,42.5,34,34
"639",639,"July","NWT",5,"NWT-1",6,42.5,6,6
"640",640,"September","WMT",3,"WMT-1",2,42.7,18,18
"641",641,"July","WMT",2,"WMT-2",6,43.1,28,28
"642",642,"July","WMT",2,"WMT-1",5,44.9,22,22
"643",643,"September","MT",5,"MT-3",2,45.3,60,60
"644",644,"July","NWT",3,"NWT-1",3,45.4,11,11
"645",645,"May","MT",4,"MT-1",3,46,40,40
"646",646,"July","NET",3,"NET-3",3,46,4,4
"647",647,"September","WMT",5,"WMT-1",6,46,6,6
"648",648,"July","WMT",4,"WMT-3",6,46.2,104,104
"649",649,"September","NWT",4,"NWT-1",1,46.2,0,0
"650",650,"July","MT",4,"MT-1",4,47.8,27,27
"651",651,"July","NET",2,"NET-3",1,47.8,13,13
"652",652,"July","WMT",4,"WMT-1",6,47.8,47,47
"653",653,"May","MT",4,"MT-3",5,48.1,24,24
"654",654,"September","SET",3,"SET-2",3,48.3,27,27
"655",655,"July","MT",3,"MT-3",5,48.4,93,93
"656",656,"July","WMT",2,"WMT-2",5,48.4,27,27
"657",657,"September","MT",3,"MT-3",2,48.9,11,11
"658",658,"September","WMT",5,"WMT-3",4,49.7,1,1
"659",659,"July","SET",3,"SET-1",3,49.9,19,19
"660",660,"July","NWT",2,"NWT-3",4,50,41,41
"661",661,"July","NWT",3,"NWT-3",6,50.1,3,3
"662",662,"July","NET",5,"NET-3",1,50.2,25,25
"663",663,"September","SWT",1,"SWT-3",2,50.2,19,19
"664",664,"September","SET",3,"SET-2",6,51.1,20,20
"665",665,"September","WMT",5,"WMT-3",6,51.3,8,8
"666",666,"September","NET",3,"NET-1",5,51.5,20,20
"667",667,"September","WMT",2,"WMT-1",5,51.7,15,15
"668",668,"September","WMT",5,"WMT-3",3,52.3,14,14
"669",669,"September","MT",4,"MT-3",2,52.4,16,16
"670",670,"May","WMT",3,"WMT-2",2,52.5,37,37
"671",671,"September","SWT",4,"SWT-1",4,52.5,67,67
"672",672,"September","SWT",4,"SWT-3",4,52.7,17,17
"673",673,"September","NWT",2,"NWT-1",1,53,15,15
"674",674,"September","NWT",5,"NWT-1",3,53,18,18
"675",675,"July","WMT",2,"WMT-1",3,53.2,19,19
"676",676,"July","NWT",5,"NWT-3",1,53.4,30,30
"677",677,"September","MT",5,"MT-3",6,53.4,32,32
"678",678,"July","WMT",5,"WMT-2",5,53.5,65,65
"679",679,"July","WMT",5,"WMT-3",6,53.7,0,0
"680",680,"July","NET",5,"NET-3",6,54.1,19,19
"681",681,"July","SWT",2,"SWT-3",1,54.1,11,11
"682",682,"July","NET",3,"NET-3",2,54.7,6,6
"683",683,"September","MT",2,"MT-3",6,54.7,17,17
"684",684,"July","WMT",3,"WMT-3",3,55.4,22,22
"685",685,"July","NWT",5,"NWT-1",5,56.4,28,28
"686",686,"July","MT",4,"MT-3",1,56.8,68,68
"687",687,"September","NWT",5,"NWT-2",1,56.8,27,27
"688",688,"September","SWT",4,"SWT-1",5,56.8,49,49
"689",689,"September","MT",4,"MT-1",4,57.1,67,67
"690",690,"September","NWT",3,"NWT-2",6,57.2,8,8
"691",691,"May","NET",3,"NET-3",5,57.3,43,43
"692",692,"May","WMT",4,"WMT-3",4,57.8,35,35
"693",693,"July","SET",2,"SET-1",4,57.9,37,37
"694",694,"September","NWT",5,"NWT-2",5,57.9,13,13
"695",695,"July","WMT",5,"WMT-2",4,58,119,119
"696",696,"September","SET",3,"SET-1",6,58.6,13,13
"697",697,"July","NWT",5,"NWT-2",6,59,39,39
"698",698,"July","NWT",5,"NWT-1",4,59.3,33,33
"699",699,"July","NET",5,"NET-1",1,60,22,22
"700",700,"July","SWT",2,"SWT-1",5,60.7,75,75
"701",701,"September","NET",3,"NET-3",5,60.7,71,71
"702",702,"July","NWT",2,"NWT-2",5,61,27,27
"703",703,"July","WMT",2,"WMT-2",4,61,8,8
"704",704,"July","NWT",5,"NWT-2",2,61.7,21,21
"705",705,"July","NET",5,"NET-2",1,62.1,58,58
"706",706,"September","SWT",3,"SWT-3",2,62.7,69,69
"707",707,"July","MT",5,"MT-3",4,63.7,54,54
"708",708,"July","SET",2,"SET-3",3,63.8,49,49
"709",709,"September","MT",3,"MT-1",5,64,18,18
"710",710,"July","MT",4,"MT-1",5,64.2,51,51
"711",711,"July","NET",3,"NET-3",5,64.2,7,7
"712",712,"September","NWT",5,"NWT-3",6,64.9,34,34
"713",713,"September","SWT",5,"SWT-1",6,65.6,0,0
"714",714,"September","SET",3,"SET-2",5,65.8,12,12
"715",715,"July","NWT",5,"NWT-3",3,66.5,46,46
"716",716,"September","MT",5,"MT-1",5,66.7,0,0
"717",717,"July","SWT",2,"SWT-2",3,66.8,56,56
"718",718,"July","NET",2,"NET-2",1,67.2,36,36
"719",719,"September","SET",5,"SET-2",6,67.2,37,37
"720",720,"September","NWT",3,"NWT-1",3,69.2,4,4
"721",721,"September","NWT",3,"NWT-2",5,69.8,17,17
"722",722,"May","WMT",4,"WMT-1",5,70.3,40,40
"723",723,"July","NWT",3,"NWT-3",4,71.1,11,11
"724",724,"September","NWT",2,"NWT-1",2,71.6,31,31
"725",725,"September","SWT",2,"SWT-3",1,71.7,22,22
"726",726,"September","NET",2,"NET-2",1,72.7,24,24
"727",727,"July","SET",3,"SET-1",1,73.3,42,42
"728",728,"May","MT",4,"MT-1",1,73.7,64,64
"729",729,"July","NWT",5,"NWT-3",2,73.9,19,19
"730",730,"July","MT",3,"MT-3",4,75.2,62,62
"731",731,"May","WMT",4,"WMT-3",5,75.8,53,53
"732",732,"July","WMT",5,"WMT-2",6,75.8,85,85
"733",733,"July","SWT",2,"SWT-3",2,76.2,43,43
"734",734,"July","WMT",5,"WMT-2",3,76.3,89,89
"735",735,"July","NET",3,"NET-1",6,77.7,12,12
"736",736,"September","MT",4,"MT-3",3,77.8,65,65
"737",737,"July","WMT",2,"WMT-2",2,79.6,19,19
"738",738,"July","WMT",5,"WMT-2",1,79.8,95,95
"739",739,"September","SWT",2,"SWT-2",2,80.1,26,26
"740",740,"September","MT",4,"MT-1",2,80.3,59,59
"741",741,"July","NET",3,"NET-2",3,80.5,7,7
"742",742,"July","WMT",2,"WMT-3",6,80.6,34,34
"743",743,"September","SWT",4,"SWT-1",2,81.3,79,79
"744",744,"July","NET",3,"NET-2",1,81.4,14,14
"745",745,"September","MT",4,"MT-3",1,81.5,58,58
"746",746,"May","NET",3,"NET-2",2,81.8,39,39
"747",747,"September","NWT",5,"NWT-1",2,81.9,46,46
"748",748,"September","NET",4,"NET-2",6,82.2,0,0
"749",749,"July","NET",2,"NET-2",3,82.4,6,6
"750",750,"July","MT",3,"MT-1",4,82.5,37,37
"751",751,"July","MT",5,"MT-3",6,82.5,70,70
"752",752,"July","SET",3,"SET-1",5,82.5,27,27
"753",753,"September","NWT",2,"NWT-3",5,82.7,33,33
"754",754,"July","NET",5,"NET-1",3,82.8,25,25
"755",755,"July","NWT",3,"NWT-2",3,83.1,6,6
"756",756,"July","SWT",2,"SWT-2",5,83.6,61,61
"757",757,"July","NWT",2,"NWT-3",6,83.7,35,35
"758",758,"July","NWT",5,"NWT-3",4,84.2,40,40
"759",759,"July","SET",3,"SET-2",4,84.3,6,6
"760",760,"September","NWT",2,"NWT-3",6,84.6,36,36
"761",761,"September","WMT",5,"WMT-2",2,84.6,5,5
"762",762,"September","SET",3,"SET-1",4,85.4,9,9
"763",763,"July","SWT",5,"SWT-1",3,85.7,46,46
"764",764,"July","WMT",5,"WMT-3",3,85.7,20,20
"765",765,"September","SWT",4,"SWT-1",1,85.7,0,0
"766",766,"July","SET",3,"SET-2",5,86.2,4,4
"767",767,"July","SET",5,"SET-2",6,86.4,65,65
"768",768,"September","SWT",4,"SWT-3",2,87.6,40,40
"769",769,"September","WMT",5,"WMT-1",2,87.6,22,22
"770",770,"May","WMT",4,"WMT-2",2,87.8,1,1
"771",771,"September","SET",2,"SET-3",6,87.8,46,46
"772",772,"May","MT",4,"MT-1",6,88,78,78
"773",773,"September","NWT",3,"NWT-2",1,88,14,14
"774",774,"July","SWT",5,"SWT-1",5,88.2,40,40
"775",775,"May","MT",5,"MT-2",1,88.3,55,55
"776",776,"July","NWT",5,"NWT-1",3,88.3,51,51
"777",777,"September","WMT",4,"WMT-1",6,88.3,58,58
"778",778,"September","NWT",5,"NWT-1",4,88.4,30,30
"779",779,"July","NET",2,"NET-1",3,88.7,21,21
"780",780,"July","NWT",2,"NWT-1",2,89,48,48
"781",781,"July","SET",5,"SET-1",4,89.5,33,33
"782",782,"September","NWT",2,"NWT-3",4,89.6,23,23
"783",783,"September","SET",3,"SET-3",5,89.9,32,32
"784",784,"July","MT",4,"MT-3",2,90,84,84
"785",785,"September","NET",3,"NET-1",2,90.3,25,25
"786",786,"September","NWT",5,"NWT-1",1,90.7,27,27
"787",787,"September","WMT",5,"WMT-2",3,91.1,88,88
"788",788,"September","NET",2,"NET-2",2,92.3,71,71
"789",789,"September","NWT",3,"NWT-1",5,92.4,7,7
"790",790,"July","SET",2,"SET-1",2,94.1,46,46
"791",791,"July","SET",5,"SET-3",5,94.2,49,49
"792",792,"July","SWT",4,"SWT-2",6,94.2,35,35
"793",793,"July","NET",3,"NET-3",6,95,88,88
"794",794,"September","MT",4,"MT-2",1,95.6,59,59
"795",795,"July","NWT",3,"NWT-3",1,96.5,11,11
"796",796,"September","NET",3,"NET-1",6,96.8,17,17
"797",797,"September","NWT",2,"NWT-1",3,96.9,16,16
"798",798,"September","SWT",4,"SWT-3",1,98.9,40,40
"799",799,"July","MT",5,"MT-3",5,101,76,76
"800",800,"September","WMT",2,"WMT-1",3,101.6,40,40
"801",801,"September","NET",4,"NET-3",6,101.7,97,97
"802",802,"July","SET",5,"SET-1",6,102.4,49,49
"803",803,"July","WMT",5,"WMT-1",3,103.2,47,47
"804",804,"September","NET",5,"NET-2",3,104,45,45
"805",805,"July","SWT",5,"SWT-2",3,104.1,58,58
"806",806,"September","SET",3,"SET-2",4,105,2,2
"807",807,"July","SWT",5,"SWT-2",5,106,72,72
"808",808,"July","SET",5,"SET-2",5,106.8,50,50
"809",809,"September","NWT",5,"NWT-1",5,107,40,40
"810",810,"July","NET",4,"NET-1",6,107.1,41,41
"811",811,"July","SET",5,"SET-1",5,107.1,98,98
"812",812,"July","NWT",5,"NWT-2",4,107.3,12,12
"813",813,"September","SET",5,"SET-1",1,107.8,0,0
"814",814,"May","MT",4,"MT-1",5,108.1,114,114
"815",815,"July","NET",3,"NET-2",6,108.5,25,25
"816",816,"July","NET",3,"NET-2",5,109.2,17,17
"817",817,"July","SET",2,"SET-3",5,111.2,42,42
"818",818,"September","NET",3,"NET-2",5,111.8,10,10
"819",819,"September","NET",5,"NET-1",5,111.9,41,41
"820",820,"July","NET",2,"NET-3",4,112.2,50,50
"821",821,"September","SET",5,"SET-3",5,112.5,48,48
"822",822,"May","MT",4,"MT-3",2,113,73,73
"823",823,"July","WMT",4,"WMT-1",4,114.1,61,61
"824",824,"September","NWT",3,"NWT-1",4,114.6,10,10
"825",825,"July","WMT",5,"WMT-3",1,116.5,49,49
"826",826,"July","MT",3,"MT-3",6,116.8,65,65
"827",827,"July","NET",4,"NET-2",4,116.9,89,89
"828",828,"July","SET",2,"SET-3",4,118.2,66,66
"829",829,"September","NWT",3,"NWT-3",2,118.3,15,15
"830",830,"July","SET",5,"SET-3",2,118.5,68,68
"831",831,"September","NWT",3,"NWT-2",4,118.6,18,18
"832",832,"September","MT",4,"MT-1",1,118.9,57,57
"833",833,"September","NWT",3,"NWT-3",5,119.5,15,15
"834",834,"July","MT",5,"MT-3",3,120.8,110,110
"835",835,"July","SET",5,"SET-2",4,121.4,62,62
"836",836,"July","SWT",5,"SWT-1",6,121.8,105,105
"837",837,"July","NET",5,"NET-1",2,122.2,58,58
"838",838,"July","NWT",5,"NWT-2",3,122.4,107,107
"839",839,"July","NWT",2,"NWT-1",1,123.5,15,15
"840",840,"May","MT",4,"MT-3",1,123.6,145,145
"841",841,"September","NWT",3,"NWT-2",3,123.9,9,9
"842",842,"September","SWT",4,"SWT-1",3,124.2,91,91
"843",843,"September","MT",5,"MT-3",4,124.7,48,48
"844",844,"September","WMT",3,"WMT-1",3,124.8,72,72
"845",845,"September","NWT",5,"NWT-2",3,124.9,48,48
"846",846,"May","MT",4,"MT-1",4,125,65,65
"847",847,"September","MT",5,"MT-3",5,125.5,36,36
"848",848,"September","NET",5,"NET-3",4,125.8,85,85
"849",849,"July","NET",2,"NET-1",5,126.5,25,25
"850",850,"September","MT",3,"MT-1",6,126.9,6,6
"851",851,"September","NWT",5,"NWT-2",6,127.1,63,63
"852",852,"September","NWT",2,"NWT-1",6,128.9,37,37
"853",853,"September","SET",5,"SET-1",3,129,94,94
"854",854,"May","MT",4,"MT-2",6,129.1,61,61
"855",855,"July","SWT",4,"SWT-1",2,131.2,46,46
"856",856,"July","NWT",3,"NWT-2",4,132.1,16,16
"857",857,"July","NWT",3,"NWT-2",5,132.8,4,4
"858",858,"September","SET",2,"SET-1",2,132.8,47,47
"859",859,"July","SWT",5,"SWT-2",2,134.5,103,103
"860",860,"July","WMT",3,"WMT-2",3,134.5,76,76
"861",861,"September","NWT",5,"NWT-2",4,134.5,24,24
"862",862,"July","NET",3,"NET-1",1,134.6,30,30
"863",863,"July","NET",2,"NET-3",3,135.1,53,53
"864",864,"May","MT",4,"MT-1",2,135.4,89,89
"865",865,"September","NET",5,"NET-2",1,135.4,54,54
"866",866,"July","WMT",3,"WMT-2",2,138.2,66,66
"867",867,"September","SET",3,"SET-1",3,138.2,44,44
"868",868,"July","SET",2,"SET-1",3,138.5,70,70
"869",869,"September","NET",2,"NET-2",6,138.6,4,4
"870",870,"September","SWT",5,"SWT-2",6,140,88,88
"871",871,"July","WMT",3,"WMT-2",6,141.1,104,104
"872",872,"July","SET",5,"SET-3",6,142.9,74,74
"873",873,"July","NWT",3,"NWT-2",1,143,32,32
"874",874,"September","NET",3,"NET-1",1,143.6,22,22
"875",875,"September","WMT",5,"WMT-2",1,144.5,31,31
"876",876,"July","SWT",5,"SWT-1",4,144.6,94,94
"877",877,"May","WMT",4,"WMT-1",6,144.8,60,60
"878",878,"July","NWT",3,"NWT-2",2,144.8,30,30
"879",879,"September","MT",4,"MT-2",5,144.9,116,116
"880",880,"September","NWT",5,"NWT-3",4,145.3,58,58
"881",881,"July","SWT",3,"SWT-1",5,148,18,18
"882",882,"September","NET",5,"NET-3",2,148.2,88,88
"883",883,"September","WMT",4,"WMT-1",1,151,124,124
"884",884,"May","MT",4,"MT-2",4,151.9,87,87
"885",885,"July","MT",4,"MT-1",1,152.4,117,117
"886",886,"July","NWT",3,"NWT-3",5,152.6,25,25
"887",887,"July","MT",4,"MT-1",6,154.1,82,82
"888",888,"July","NET",5,"NET-2",2,154.7,67,67
"889",889,"July","NWT",2,"NWT-3",3,161.5,43,43
"890",890,"July","WMT",5,"WMT-1",2,162.2,63,63
"891",891,"July","WMT",4,"WMT-1",5,162.9,75,75
"892",892,"September","NWT",5,"NWT-3",1,164,11,11
"893",893,"May","MT",4,"MT-2",5,164.4,68,68
"894",894,"September","SET",5,"SET-3",6,165.2,41,41
"895",895,"July","NWT",2,"NWT-3",2,165.4,61,61
"896",896,"September","SWT",4,"SWT-3",3,165.6,44,44
"897",897,"July","SET",3,"SET-1",2,169.8,40,40
"898",898,"September","NET",5,"NET-2",5,171.2,32,32
"899",899,"July","NWT",5,"NWT-3",5,172.1,48,48
"900",900,"July","MT",3,"MT-1",3,173.8,96,96
"901",901,"July","SET",5,"SET-2",3,174,95,95
"902",902,"September","NET",5,"NET-3",3,174.4,85,85
"903",903,"July","MT",4,"MT-1",2,174.8,110,110
"904",904,"July","SWT",3,"SWT-3",2,175.4,57,57
"905",905,"July","NET",2,"NET-3",6,178.5,60,60
"906",906,"May","MT",4,"MT-2",2,182.1,90,90
"907",907,"July","WMT",3,"WMT-2",1,183.1,68,68
"908",908,"September","NWT",5,"NWT-3",2,184.8,114,114
"909",909,"September","NET",5,"NET-2",4,187.8,21,21
"910",910,"September","SWT",5,"SWT-2",5,189.3,82,82
"911",911,"September","NET",3,"NET-2",2,189.8,58,58
"912",912,"September","MT",4,"MT-2",2,190.3,81,81
"913",913,"September","NET",5,"NET-1",1,190.4,44,44
"914",914,"May","MT",4,"MT-2",3,190.6,104,104
"915",915,"July","SWT",5,"SWT-2",4,191.1,111,111
"916",916,"July","SET",5,"SET-2",2,193.1,91,91
"917",917,"September","SET",5,"SET-1",6,194,112,112
"918",918,"July","MT",4,"MT-2",1,195.6,81,81
"919",919,"July","NWT",2,"NWT-3",5,199.2,41,41
"920",920,"July","SET",4,"SET-1",2,199.8,0,0
"921",921,"September","SWT",5,"SWT-3",6,202.4,57,57
"922",922,"July","WMT",5,"WMT-2",2,202.7,38,38
"923",923,"September","WMT",5,"WMT-1",4,202.9,44,44
"924",924,"September","SET",3,"SET-1",2,204.1,65,65
"925",925,"July","WMT",4,"WMT-1",1,206.3,57,57
"926",926,"July","WMT",4,"WMT-2",1,206.9,0,0
"927",927,"September","WMT",3,"WMT-1",5,208.2,53,53
"928",928,"September","NET",2,"NET-1",6,208.6,45,45
"929",929,"July","SET",3,"SET-3",3,209,49,49
"930",930,"September","MT",4,"MT-2",6,210.7,80,80
"931",931,"September","MT",4,"MT-2",3,214.3,76,76
"932",932,"July","NWT",3,"NWT-2",6,219.8,6,6
"933",933,"September","SWT",5,"SWT-2",4,221.3,94,94
"934",934,"September","NET",5,"NET-3",5,223.4,70,70
"935",935,"September","NWT",5,"NWT-3",3,227.9,135,135
"936",936,"September","MT",4,"MT-2",4,228.7,50,50
"937",937,"July","MT",4,"MT-2",2,230.4,104,104
"938",938,"July","MT",4,"MT-2",4,239.6,99,99
"939",939,"September","NWT",3,"NWT-3",1,243.2,19,19
"940",940,"July","WMT",3,"WMT-2",4,247.6,136,136
"941",941,"July","MT",4,"MT-2",6,251.6,154,154
"942",942,"September","SET",5,"SET-1",4,254.9,67,67
"943",943,"July","WMT",2,"WMT-3",1,258.9,130,130
"944",944,"July","SWT",4,"SWT-3",4,259.3,106,106
"945",945,"September","SWT",5,"SWT-2",3,260.6,104,104
"946",946,"July","NET",2,"NET-1",6,261.4,158,158
"947",947,"September","NWT",3,"NWT-2",2,272.1,83,83
"948",948,"July","SET",3,"SET-2",6,273.3,69,69
"949",949,"September","SET",4,"SET-2",6,278.9,82,82
"950",950,"July","SWT",4,"SWT-3",6,280.6,211,211
"951",951,"September","SET",4,"SET-1",1,282.1,108,108
"952",952,"July","SWT",4,"SWT-1",1,293.7,139,139
"953",953,"July","MT",4,"MT-2",3,297.5,148,148
"954",954,"July","WMT",3,"WMT-2",5,304.6,213,213
"955",955,"July","NET",2,"NET-3",2,307.7,74,74
"956",956,"July","WMT",2,"WMT-3",4,310.6,164,164
"957",957,"September","SWT",5,"SWT-3",5,317.4,87,87
"958",958,"September","SET",5,"SET-2",1,328.1,94,94
"959",959,"September","SET",5,"SET-3",1,328.2,109,109
"960",960,"September","SET",5,"SET-2",4,332.1,173,173
"961",961,"September","WMT",5,"WMT-2",6,334.2,150,150
"962",962,"September","NET",5,"NET-1",2,334.6,91,91
"963",963,"July","MT",4,"MT-2",5,346.6,108,108
"964",964,"September","NET",5,"NET-1",4,391.4,101,101
"965",965,"September","SET",5,"SET-3",3,395.5,110,110
"966",966,"September","WMT",5,"WMT-2",4,398.7,53,53
"967",967,"September","NET",5,"NET-1",3,402.2,116,116
"968",968,"September","SET",5,"SET-3",4,406.2,104,104
"969",969,"September","SET",5,"SET-2",5,417.1,188,188
"970",970,"September","WMT",5,"WMT-2",5,421.5,102,102
"971",971,"September","SWT",5,"SWT-2",2,424.1,44,44
"972",972,"July","WMT",3,"WMT-3",2,448.7,160,160
"973",973,"September","SET",5,"SET-1",5,460.7,160,160
"974",974,"July","SWT",4,"SWT-3",5,469.1,220,220
"975",975,"September","SET",5,"SET-2",3,520.2,93,93
"976",976,"September","SET",5,"SET-2",2,542.1,118,118
"977",977,"September","SET",5,"SET-3",2,640.7,152,152
"978",978,"July","SET",3,"SET-1",4,768.4,134,134
